client_name,report_uuid,registrant_name,filing_year,amount,bill_id,bill_chamber,bill_type,bill_number,congress_number,introduced_date
BP AMERICA,cbf13c44-6c5b-4771-abd7-e09c94e73651,"BP AMERICA, INC",2017,1720000.00,s1276-114,Senate,s,1276,114,2015-05-11
SHELL OIL COMPANY,e634630c-3c17-4aeb-bf8b-e4c06a819362,"SHELL USA, INC. (FKA SHELL OIL COMPANY)",2017,1740000.00,s1276-114,Senate,s,1276,114,2015-05-11
SHELL OIL COMPANY,d4b3d909-2c00-46ae-bd7c-42c74df2a39a,"SHELL USA, INC. (FKA SHELL OIL COMPANY)",2017,2340000.00,s2012-114,Senate,s,2012,114,2015-09-09
SHELL OIL COMPANY,e634630c-3c17-4aeb-bf8b-e4c06a819362,"SHELL USA, INC. (FKA SHELL OIL COMPANY)",2017,1740000.00,s1279-114,Senate,s,1279,114,2015-05-11
EXXON MOBIL CORPORATION,7a817d6d-4d5c-4393-93d8-1ef230ca0688,EXXON MOBIL CORP,2017,2630000.00,hjres44-115,House of Representatives,hjres,44,115,2017-01-30
EXXON MOBIL CORPORATION,ed320f63-8ba3-4ef7-9888-fef53b97a495,EXXON MOBIL CORP,2017,3440000.00,sconres3-115,Senate,sconres,3,115,2017-01-03
EXXON MOBIL CORPORATION,d5b84bf1-f96a-4899-a81e-f14c164f1a7d,EXXON MOBIL CORP,2018,2190000.00,hr6463-115,House of Representatives,hr,6463,115,2018-07-23
SHELL OIL COMPANY,e634630c-3c17-4aeb-bf8b-e4c06a819362,"SHELL USA, INC. (FKA SHELL OIL COMPANY)",2017,1740000.00,hr5538-115,House of Representatives,hr,5538,115,2018-04-17
EXXON MOBIL CORPORATION,252a6bb2-da00-4580-b5c9-272f3d4f52fa,EXXON MOBIL CORP,2018,3140000.00,hr3761-115,House of Representatives,hr,3761,115,2017-09-13
EXXON MOBIL CORPORATION,98c658d2-70d9-4f11-9f4c-401e0670ca8a,EXXON MOBIL CORP,2018,2730000.00,s2975-115,Senate,s,2975,115,2018-05-24
EXXON MOBIL CORPORATION,252a6bb2-da00-4580-b5c9-272f3d4f52fa,EXXON MOBIL CORP,2018,3140000.00,s2368-115,Senate,s,2368,115,2018-02-05
EXXON MOBIL CORPORATION,252a6bb2-da00-4580-b5c9-272f3d4f52fa,EXXON MOBIL CORP,2018,3140000.00,s2256-115,Senate,s,2256,115,2017-12-20
SHELL OIL COMPANY,09fb1cba-fd2f-4442-bb58-a7d150007059,"SHELL USA, INC. (FKA SHELL OIL COMPANY)",2018,1600000.00,s1405-115,Senate,s,1405,115,2017-06-22
EXXON MOBIL CORPORATION,68b1ca6b-eea5-4030-afb0-3c0294f5bae9,EXXON MOBIL CORP,2017,2630000.00,s1405-115,Senate,s,1405,115,2017-06-22
PHILLIPS 66,8e5a59ce-3436-4207-9d3e-dcf302393fa5,PHILLIPS 66,2018,1740000.00,s1405-115,Senate,s,1405,115,2017-06-22
EXXON MOBIL CORPORATION,68b1ca6b-eea5-4030-afb0-3c0294f5bae9,EXXON MOBIL CORP,2017,2630000.00,s1663-115,Senate,s,1663,115,2017-07-27
EXXON MOBIL CORPORATION,68b1ca6b-eea5-4030-afb0-3c0294f5bae9,EXXON MOBIL CORP,2017,2630000.00,s1512-115,Senate,s,1512,115,2017-06-29
BP AMERICA,1a9f7197-a355-4e99-8dc7-f59d6c120d8a,"BP AMERICA, INC",2018,1260000.00,s2602-115,Senate,s,2602,115,2018-03-22
EXXON MOBIL CORPORATION,252a6bb2-da00-4580-b5c9-272f3d4f52fa,EXXON MOBIL CORP,2018,3140000.00,s2602-115,Senate,s,2602,115,2018-03-22
EXXON MOBIL CORPORATION,68b1ca6b-eea5-4030-afb0-3c0294f5bae9,EXXON MOBIL CORP,2017,2630000.00,s299-115,Senate,s,299,115,2017-02-03
EXXON MOBIL CORPORATION,68b1ca6b-eea5-4030-afb0-3c0294f5bae9,EXXON MOBIL CORP,2017,2630000.00,s584-115,Senate,s,584,115,2017-03-08
EXXON MOBIL CORPORATION,68b1ca6b-eea5-4030-afb0-3c0294f5bae9,EXXON MOBIL CORP,2017,2630000.00,s244-115,Senate,s,244,115,2017-01-30
EXXON MOBIL CORPORATION,7a817d6d-4d5c-4393-93d8-1ef230ca0688,EXXON MOBIL CORP,2017,2630000.00,s1157-115,Senate,s,1157,115,2017-05-17
EXXON MOBIL CORPORATION,d5b84bf1-f96a-4899-a81e-f14c164f1a7d,EXXON MOBIL CORP,2018,2190000.00,s3378-115,Senate,s,3378,115,2018-08-23
SHELL OIL COMPANY,e634630c-3c17-4aeb-bf8b-e4c06a819362,"SHELL USA, INC. (FKA SHELL OIL COMPANY)",2017,1740000.00,s3068-115,Senate,s,3068,115,2018-06-14
SHELL OIL COMPANY,09fb1cba-fd2f-4442-bb58-a7d150007059,"SHELL USA, INC. (FKA SHELL OIL COMPANY)",2018,1600000.00,s517-115,Senate,s,517,115,2017-03-02
BP AMERICA,16dd6ab8-796d-4847-b15a-144b8eb428ac,"BP AMERICA, INC",2017,1260000.00,s517-115,Senate,s,517,115,2017-03-02
BP AMERICA,1a9f7197-a355-4e99-8dc7-f59d6c120d8a,"BP AMERICA, INC",2018,1260000.00,s2098-115,Senate,s,2098,115,2017-11-08
EXXON MOBIL CORPORATION,252a6bb2-da00-4580-b5c9-272f3d4f52fa,EXXON MOBIL CORP,2018,3140000.00,s2098-115,Senate,s,2098,115,2017-11-08
EXXON MOBIL CORPORATION,692d32b8-02b6-46de-9c45-2d021b0adaa6,EXXON MOBIL CORP,2019,2650000.00,sres411-116,Senate,sres,411,116,2019-11-07
SHELL OIL COMPANY,09d57c52-f426-4dcf-8eac-865baa523829,"SHELL USA, INC. (FKA SHELL OIL COMPANY)",2019,1960000.00,hr535-116,House of Representatives,hr,535,116,2019-01-14
EXXON MOBIL CORPORATION,1bbe18fa-5c03-4560-8277-29bf625f4a49,EXXON MOBIL CORP,2020,2140000.00,hr535-116,House of Representatives,hr,535,116,2019-01-14
BP AMERICA,40665a8c-f9c3-4f52-82ae-d14b57b23014,"BP AMERICA, INC",2019,1500000.00,hr535-116,House of Representatives,hr,535,116,2019-01-14
PHILLIPS 66,f3fe5c00-a326-4679-ad53-e7bc2b25a3b4,PHILLIPS 66,2020,1380000.00,hr535-116,House of Representatives,hr,535,116,2019-01-14
SHELL OIL COMPANY,9ed3039c-2478-4f61-ae73-2e43a1dc071e,"SHELL USA, INC. (FKA SHELL OIL COMPANY)",2020,1870000.00,hr3742-116,House of Representatives,hr,3742,116,2019-07-12
SHELL OIL COMPANY,772ac01b-3530-486b-a179-a3c905a7cd6e,"SHELL USA, INC. (FKA SHELL OIL COMPANY)",2020,1690000.00,hr5120-116,House of Representatives,hr,5120,116,2019-11-15
PHILLIPS 66,f3fe5c00-a326-4679-ad53-e7bc2b25a3b4,PHILLIPS 66,2020,1380000.00,hr5120-116,House of Representatives,hr,5120,116,2019-11-15
CONOCOPHILLIPS,f9c0e0ee-5787-4c26-9575-185ee6d17885,CONOCOPHILLIPS,2020,1040000.00,hr5120-116,House of Representatives,hr,5120,116,2019-11-15
PHILLIPS 66,dd3bd094-8f19-403c-954a-1b47776cd3ed,PHILLIPS 66,2019,1010000.00,s684-116,Senate,s,684,116,2019-03-06
EXXON MOBIL CORPORATION,1bbe18fa-5c03-4560-8277-29bf625f4a49,EXXON MOBIL CORP,2020,2140000.00,s383-116,Senate,s,383,116,2019-02-07
EXXON MOBIL CORPORATION,692d32b8-02b6-46de-9c45-2d021b0adaa6,EXXON MOBIL CORP,2019,2650000.00,s2662-116,Senate,s,2662,116,2019-10-22
BP AMERICA,26a0abdb-ddbc-4ef8-9374-e9a5c6137ab2,"BP AMERICA, INC",2019,1180000.00,s1790-116,Senate,s,1790,116,2019-06-11
EXXON MOBIL CORPORATION,692d32b8-02b6-46de-9c45-2d021b0adaa6,EXXON MOBIL CORP,2019,2650000.00,s1790-116,Senate,s,1790,116,2019-06-11
SHELL OIL COMPANY,d73e0c30-353b-4905-9c50-66d005425bba,"SHELL USA, INC. (FKA SHELL OIL COMPANY)",2019,2160000.00,s1790-116,Senate,s,1790,116,2019-06-11
EXXON MOBIL CORPORATION,1bbe18fa-5c03-4560-8277-29bf625f4a49,EXXON MOBIL CORP,2020,2140000.00,s4642-116,Senate,s,4642,116,2020-09-22
EXXON MOBIL CORPORATION,1bbe18fa-5c03-4560-8277-29bf625f4a49,EXXON MOBIL CORP,2020,2140000.00,s3894-116,Senate,s,3894,116,2020-06-04
BP AMERICA,3f7efd8c-80bb-46e7-9529-7aacad7bc297,"BP AMERICA, INC",2020,1040000.00,s3894-116,Senate,s,3894,116,2020-06-04
EXXON MOBIL CORPORATION,86cb5d91-625d-4bc2-b4e8-dc5153da202c,EXXON MOBIL CORP,2020,2670000.00,s3227-116,Senate,s,3227,116,2020-01-28
EXXON MOBIL CORPORATION,1bbe18fa-5c03-4560-8277-29bf625f4a49,EXXON MOBIL CORP,2020,2140000.00,s1811-116,Senate,s,1811,116,2019-06-12
SHELL OIL COMPANY,09d57c52-f426-4dcf-8eac-865baa523829,"SHELL USA, INC. (FKA SHELL OIL COMPANY)",2019,1960000.00,s617-116,Senate,s,617,116,2019-02-28
EXXON MOBIL CORPORATION,54b4c63f-3313-433e-b046-7615ebb240be,EXXON MOBIL CORP,2019,2710000.00,s617-116,Senate,s,617,116,2019-02-28
PHILLIPS 66,dd3bd094-8f19-403c-954a-1b47776cd3ed,PHILLIPS 66,2019,1010000.00,s617-116,Senate,s,617,116,2019-02-28
EXXON MOBIL CORPORATION,1bbe18fa-5c03-4560-8277-29bf625f4a49,EXXON MOBIL CORP,2020,2140000.00,s3756-116,Senate,s,3756,116,2020-05-19
EXXON MOBIL CORPORATION,692d32b8-02b6-46de-9c45-2d021b0adaa6,EXXON MOBIL CORP,2019,2650000.00,s2300-116,Senate,s,2300,116,2019-07-25
SHELL OIL COMPANY,4cce61fe-033a-4466-8e75-3284100d846b,"SHELL USA, INC. (FKA SHELL OIL COMPANY)",2021,1950000.00,hr1512-117,House of Representatives,hr,1512,117,2021-03-02
EXXON MOBIL CORPORATION,58620e13-6d1d-4ee4-b2af-3b41e0ffa003,EXXON MOBIL CORP,2021,1170000.00,hr1512-117,House of Representatives,hr,1512,117,2021-03-02
CONOCOPHILLIPS,d2002b91-8b4f-4114-b33b-19a5a73dc6f3,CONOCOPHILLIPS,2021,1359800.00,hr1512-117,House of Representatives,hr,1512,117,2021-03-02
BP AMERICA,dedf1c1d-f7d8-47f2-a53f-13aae8564249,"BP AMERICA, INC",2021,1230000.00,hr1512-117,House of Representatives,hr,1512,117,2021-03-02
CONOCOPHILLIPS,bbbc10ee-c6aa-49a7-a9fc-c76acdcd38d9,CONOCOPHILLIPS,2021,1690000.00,hr2393-117,House of Representatives,hr,2393,117,2021-04-08
CONOCOPHILLIPS,d2002b91-8b4f-4114-b33b-19a5a73dc6f3,CONOCOPHILLIPS,2021,1359800.00,hr692-117,House of Representatives,hr,692,117,2021-02-02
EXXON MOBIL CORPORATION,0ea6d0b9-138e-43fa-9ed4-5d1c2c859b56,EXXON MOBIL CORP,2021,1660000.00,s1034-117,Senate,s,1034,117,2021-03-25
SHELL OIL COMPANY,4cce61fe-033a-4466-8e75-3284100d846b,"SHELL USA, INC. (FKA SHELL OIL COMPANY)",2021,1950000.00,s420-117,Senate,s,420,117,2021-02-24
CONOCOPHILLIPS,d2002b91-8b4f-4114-b33b-19a5a73dc6f3,CONOCOPHILLIPS,2021,1359800.00,s563-117,Senate,s,563,117,2021-03-03
BP AMERICA,16dd6ab8-796d-4847-b15a-144b8eb428ac,"BP AMERICA, INC",2017,1260000.00,hjres36-115,House of Representatives,hjres,36,115,2017-01-30
EXXON MOBIL CORPORATION,7a817d6d-4d5c-4393-93d8-1ef230ca0688,EXXON MOBIL CORP,2017,2630000.00,hjres36-115,House of Representatives,hjres,36,115,2017-01-30
EXXON MOBIL CORPORATION,ed320f63-8ba3-4ef7-9888-fef53b97a495,EXXON MOBIL CORP,2017,3440000.00,hjres38-115,House of Representatives,hjres,38,115,2017-01-30
SHELL OIL COMPANY,d4b3d909-2c00-46ae-bd7c-42c74df2a39a,"SHELL USA, INC. (FKA SHELL OIL COMPANY)",2017,2340000.00,hr21-115,House of Representatives,hr,21,115,2017-01-03
SHELL OIL COMPANY,b54e63d1-a361-4ad6-a162-0eaa475fdd44,"SHELL USA, INC. (FKA SHELL OIL COMPANY)",2018,2000000.00,hr4770-115,House of Representatives,hr,4770,115,2018-01-11
EXXON MOBIL CORPORATION,68b1ca6b-eea5-4030-afb0-3c0294f5bae9,EXXON MOBIL CORP,2017,2630000.00,hr601-115,House of Representatives,hr,601,115,2017-01-23
BP AMERICA,1a9f7197-a355-4e99-8dc7-f59d6c120d8a,"BP AMERICA, INC",2018,1260000.00,hr5347-115,House of Representatives,hr,5347,115,2018-03-20
EXXON MOBIL CORPORATION,252a6bb2-da00-4580-b5c9-272f3d4f52fa,EXXON MOBIL CORP,2018,3140000.00,hr2010-115,House of Representatives,hr,2010,115,2017-04-06
BP AMERICA,1a9f7197-a355-4e99-8dc7-f59d6c120d8a,"BP AMERICA, INC",2018,1260000.00,hr4884-115,House of Representatives,hr,4884,115,2018-01-25
EXXON MOBIL CORPORATION,d5b84bf1-f96a-4899-a81e-f14c164f1a7d,EXXON MOBIL CORP,2018,2190000.00,hr4884-115,House of Representatives,hr,4884,115,2018-01-25
EXXON MOBIL CORPORATION,252a6bb2-da00-4580-b5c9-272f3d4f52fa,EXXON MOBIL CORP,2018,3140000.00,hr4787-115,House of Representatives,hr,4787,115,2018-01-12
EXXON MOBIL CORPORATION,98c658d2-70d9-4f11-9f4c-401e0670ca8a,EXXON MOBIL CORP,2018,2730000.00,hr2-115,House of Representatives,hr,2,115,2018-04-12
EXXON MOBIL CORPORATION,68b1ca6b-eea5-4030-afb0-3c0294f5bae9,EXXON MOBIL CORP,2017,2630000.00,s27-115,Senate,s,27,115,2017-01-04
EXXON MOBIL CORPORATION,d5b84bf1-f96a-4899-a81e-f14c164f1a7d,EXXON MOBIL CORP,2018,2190000.00,s569-115,Senate,s,569,115,2017-03-08
BP AMERICA,16dd6ab8-796d-4847-b15a-144b8eb428ac,"BP AMERICA, INC",2017,1260000.00,s74-115,Senate,s,74,115,2017-01-09
EXXON MOBIL CORPORATION,252a6bb2-da00-4580-b5c9-272f3d4f52fa,EXXON MOBIL CORP,2018,3140000.00,s74-115,Senate,s,74,115,2017-01-09
SHELL OIL COMPANY,b54e63d1-a361-4ad6-a162-0eaa475fdd44,"SHELL USA, INC. (FKA SHELL OIL COMPANY)",2018,2000000.00,s74-115,Senate,s,74,115,2017-01-09
EXXON MOBIL CORPORATION,68b1ca6b-eea5-4030-afb0-3c0294f5bae9,EXXON MOBIL CORP,2017,2630000.00,s316-115,Senate,s,316,115,2017-02-06
BP AMERICA,26a0abdb-ddbc-4ef8-9374-e9a5c6137ab2,"BP AMERICA, INC",2019,1180000.00,hr3409-116,House of Representatives,hr,3409,116,2019-06-21
SHELL OIL COMPANY,772ac01b-3530-486b-a179-a3c905a7cd6e,"SHELL USA, INC. (FKA SHELL OIL COMPANY)",2020,1690000.00,hr3409-116,House of Representatives,hr,3409,116,2019-06-21
EXXON MOBIL CORPORATION,692d32b8-02b6-46de-9c45-2d021b0adaa6,EXXON MOBIL CORP,2019,2650000.00,hr5430-116,House of Representatives,hr,5430,116,2019-12-13
PHILLIPS 66,f3fe5c00-a326-4679-ad53-e7bc2b25a3b4,PHILLIPS 66,2020,1380000.00,hr5430-116,House of Representatives,hr,5430,116,2019-12-13
EXXON MOBIL CORPORATION,5e160087-52fc-4092-a56b-660f454f4e41,EXXON MOBIL CORP,2020,2120000.00,hr4447-116,House of Representatives,hr,4447,116,2019-09-20
EXXON MOBIL CORPORATION,38bc853f-544d-48f4-b699-a2c082f80db5,EXXON MOBIL CORP,2020,1760000.00,hr7010-116,House of Representatives,hr,7010,116,2020-05-26
EXXON MOBIL CORPORATION,d84fee80-4fd6-476f-a362-2b455ce45a0a,EXXON MOBIL CORP,2019,1940000.00,hr3301-116,House of Representatives,hr,3301,116,2019-06-18
PHILLIPS 66,f3fe5c00-a326-4679-ad53-e7bc2b25a3b4,PHILLIPS 66,2020,1380000.00,hr3301-116,House of Representatives,hr,3301,116,2019-06-18
EXXON MOBIL CORPORATION,d84fee80-4fd6-476f-a362-2b455ce45a0a,EXXON MOBIL CORP,2019,1940000.00,hr4230-116,House of Representatives,hr,4230,116,2019-09-06
PHILLIPS 66,dd3bd094-8f19-403c-954a-1b47776cd3ed,PHILLIPS 66,2019,1010000.00,hr2042-116,House of Representatives,hr,2042,116,2019-04-02
BP AMERICA,26a0abdb-ddbc-4ef8-9374-e9a5c6137ab2,"BP AMERICA, INC",2019,1180000.00,hr1813-116,House of Representatives,hr,1813,116,2019-03-18
EXXON MOBIL CORPORATION,692d32b8-02b6-46de-9c45-2d021b0adaa6,EXXON MOBIL CORP,2019,2650000.00,hr1158-116,House of Representatives,hr,1158,116,2019-02-13
SHELL OIL COMPANY,eb0cda2d-46ef-4c45-bafb-c0ce12dd87e0,"SHELL USA, INC. (FKA SHELL OIL COMPANY)",2020,1960000.00,hr7612-116,House of Representatives,hr,7612,116,2020-07-14
EXXON MOBIL CORPORATION,692d32b8-02b6-46de-9c45-2d021b0adaa6,EXXON MOBIL CORP,2019,2650000.00,s2470-116,Senate,s,2470,116,2019-09-12
EXXON MOBIL CORPORATION,1bbe18fa-5c03-4560-8277-29bf625f4a49,EXXON MOBIL CORP,2020,2140000.00,s3263-116,Senate,s,3263,116,2020-02-11
EXXON MOBIL CORPORATION,692d32b8-02b6-46de-9c45-2d021b0adaa6,EXXON MOBIL CORP,2019,2650000.00,s2644-116,Senate,s,2644,116,2019-10-17
EXXON MOBIL CORPORATION,1bbe18fa-5c03-4560-8277-29bf625f4a49,EXXON MOBIL CORP,2020,2140000.00,s2299-116,Senate,s,2299,116,2019-07-25
SHELL OIL COMPANY,772ac01b-3530-486b-a179-a3c905a7cd6e,"SHELL USA, INC. (FKA SHELL OIL COMPANY)",2020,1690000.00,s2299-116,Senate,s,2299,116,2019-07-25
BP AMERICA,b51b5105-6753-4025-b22a-4643f2b94226,"BP AMERICA, INC",2019,1230000.00,s2299-116,Senate,s,2299,116,2019-07-25
PHILLIPS 66,f3fe5c00-a326-4679-ad53-e7bc2b25a3b4,PHILLIPS 66,2020,1380000.00,s2299-116,Senate,s,2299,116,2019-07-25
PHILLIPS 66,f3fe5c00-a326-4679-ad53-e7bc2b25a3b4,PHILLIPS 66,2020,1380000.00,s3045-116,Senate,s,3045,116,2019-12-12
EXXON MOBIL CORPORATION,54b4c63f-3313-433e-b046-7615ebb240be,EXXON MOBIL CORP,2019,2710000.00,s1-116,Senate,s,1,116,2019-01-03
PHILLIPS 66,9f99b9ac-77bb-4ec8-81f6-d0879cfe7021,PHILLIPS 66,2021,1010000.00,hr133-117,House of Representatives,hr,133,117,2021-01-04
SHELL OIL COMPANY,59e7ff9c-e48d-406c-9309-bdcf5e3308ef,"SHELL USA, INC. (FKA SHELL OIL COMPANY)",2021,1740000.00,hr3039-117,House of Representatives,hr,3039,117,2021-05-07
PHILLIPS 66,9f99b9ac-77bb-4ec8-81f6-d0879cfe7021,PHILLIPS 66,2021,1010000.00,hr748-117,House of Representatives,hr,748,117,2021-02-03
EXXON MOBIL CORPORATION,58620e13-6d1d-4ee4-b2af-3b41e0ffa003,EXXON MOBIL CORP,2021,1170000.00,hr3538-117,House of Representatives,hr,3538,117,2021-05-25
SHELL OIL COMPANY,59e7ff9c-e48d-406c-9309-bdcf5e3308ef,"SHELL USA, INC. (FKA SHELL OIL COMPANY)",2021,1740000.00,s1251-117,Senate,s,1251,117,2021-04-20
BP AMERICA,dedf1c1d-f7d8-47f2-a53f-13aae8564249,"BP AMERICA, INC",2021,1230000.00,s1251-117,Senate,s,1251,117,2021-04-20
EXXON MOBIL CORPORATION,0ea6d0b9-138e-43fa-9ed4-5d1c2c859b56,EXXON MOBIL CORP,2021,1660000.00,s2118-117,Senate,s,2118,117,2021-06-17
EXXON MOBIL CORPORATION,0ea6d0b9-138e-43fa-9ed4-5d1c2c859b56,EXXON MOBIL CORP,2021,1660000.00,s986-117,Senate,s,986,117,2021-03-25
SHELL OIL COMPANY,59e7ff9c-e48d-406c-9309-bdcf5e3308ef,"SHELL USA, INC. (FKA SHELL OIL COMPANY)",2021,1740000.00,s986-117,Senate,s,986,117,2021-03-25
BP AMERICA,dedf1c1d-f7d8-47f2-a53f-13aae8564249,"BP AMERICA, INC",2021,1230000.00,s986-117,Senate,s,986,117,2021-03-25
EXXON MOBIL CORPORATION,0ea6d0b9-138e-43fa-9ed4-5d1c2c859b56,EXXON MOBIL CORP,2021,1660000.00,s2645-117,Senate,s,2645,117,2021-08-05
BP AMERICA,dedf1c1d-f7d8-47f2-a53f-13aae8564249,"BP AMERICA, INC",2021,1230000.00,s1017-117,Senate,s,1017,117,2021-03-25
BP AMERICA,dedf1c1d-f7d8-47f2-a53f-13aae8564249,"BP AMERICA, INC",2021,1230000.00,s645-117,Senate,s,645,117,2021-03-09
EXXON MOBIL CORPORATION,7a817d6d-4d5c-4393-93d8-1ef230ca0688,EXXON MOBIL CORP,2017,2630000.00,hjres41-115,House of Representatives,hjres,41,115,2017-01-30
BP AMERICA,1a9f7197-a355-4e99-8dc7-f59d6c120d8a,"BP AMERICA, INC",2018,1260000.00,hr4311-115,House of Representatives,hr,4311,115,2017-11-08
EXXON MOBIL CORPORATION,252a6bb2-da00-4580-b5c9-272f3d4f52fa,EXXON MOBIL CORP,2018,3140000.00,hr4311-115,House of Representatives,hr,4311,115,2017-11-08
PHILLIPS 66,8e5a59ce-3436-4207-9d3e-dcf302393fa5,PHILLIPS 66,2018,1740000.00,hr2917-115,House of Representatives,hr,2917,115,2017-06-15
SHELL OIL COMPANY,d4b3d909-2c00-46ae-bd7c-42c74df2a39a,"SHELL USA, INC. (FKA SHELL OIL COMPANY)",2017,2340000.00,hr74-115,House of Representatives,hr,74,115,2017-01-03
EXXON MOBIL CORPORATION,98c658d2-70d9-4f11-9f4c-401e0670ca8a,EXXON MOBIL CORP,2018,2730000.00,hr6258-115,House of Representatives,hr,6258,115,2018-06-28
SHELL OIL COMPANY,d4b3d909-2c00-46ae-bd7c-42c74df2a39a,"SHELL USA, INC. (FKA SHELL OIL COMPANY)",2017,2340000.00,hr1004-115,House of Representatives,hr,1004,115,2017-02-13
EXXON MOBIL CORPORATION,ed320f63-8ba3-4ef7-9888-fef53b97a495,EXXON MOBIL CORP,2017,3440000.00,hr1004-115,House of Representatives,hr,1004,115,2017-02-13
EXXON MOBIL CORPORATION,252a6bb2-da00-4580-b5c9-272f3d4f52fa,EXXON MOBIL CORP,2018,3140000.00,hr4015-115,House of Representatives,hr,4015,115,2017-10-11
BP AMERICA,16dd6ab8-796d-4847-b15a-144b8eb428ac,"BP AMERICA, INC",2017,1260000.00,hr806-115,House of Representatives,hr,806,115,2017-02-01
PHILLIPS 66,5e1f9b79-d813-4334-b59b-5bca41d8e0e2,PHILLIPS 66,2017,1440000.00,hr806-115,House of Representatives,hr,806,115,2017-02-01
EXXON MOBIL CORPORATION,68b1ca6b-eea5-4030-afb0-3c0294f5bae9,EXXON MOBIL CORP,2017,2630000.00,hr806-115,House of Representatives,hr,806,115,2017-02-01
EXXON MOBIL CORPORATION,7a817d6d-4d5c-4393-93d8-1ef230ca0688,EXXON MOBIL CORP,2017,2630000.00,sjres28-115,Senate,sjres,28,115,2017-03-02
BP AMERICA,cbf13c44-6c5b-4771-abd7-e09c94e73651,"BP AMERICA, INC",2017,1720000.00,sjres28-115,Senate,sjres,28,115,2017-03-02
EXXON MOBIL CORPORATION,d5b84bf1-f96a-4899-a81e-f14c164f1a7d,EXXON MOBIL CORP,2018,2190000.00,s2719-115,Senate,s,2719,115,2018-04-19
EXXON MOBIL CORPORATION,98c658d2-70d9-4f11-9f4c-401e0670ca8a,EXXON MOBIL CORP,2018,2730000.00,s2444-115,Senate,s,2444,115,2018-02-15
EXXON MOBIL CORPORATION,68b1ca6b-eea5-4030-afb0-3c0294f5bae9,EXXON MOBIL CORP,2017,2630000.00,s1129-115,Senate,s,1129,115,2017-05-16
EXXON MOBIL CORPORATION,68b1ca6b-eea5-4030-afb0-3c0294f5bae9,EXXON MOBIL CORP,2017,2630000.00,s1221-115,Senate,s,1221,115,2017-05-24
EXXON MOBIL CORPORATION,68b1ca6b-eea5-4030-afb0-3c0294f5bae9,EXXON MOBIL CORP,2017,2630000.00,s341-115,Senate,s,341,115,2017-02-08
EXXON MOBIL CORPORATION,68b1ca6b-eea5-4030-afb0-3c0294f5bae9,EXXON MOBIL CORP,2017,2630000.00,s1639-115,Senate,s,1639,115,2017-07-26
BP AMERICA,16dd6ab8-796d-4847-b15a-144b8eb428ac,"BP AMERICA, INC",2017,1260000.00,s722-115,Senate,s,722,115,2017-03-23
EXXON MOBIL CORPORATION,68b1ca6b-eea5-4030-afb0-3c0294f5bae9,EXXON MOBIL CORP,2017,2630000.00,s722-115,Senate,s,722,115,2017-03-23
EXXON MOBIL CORPORATION,68b1ca6b-eea5-4030-afb0-3c0294f5bae9,EXXON MOBIL CORP,2017,2630000.00,s951-115,Senate,s,951,115,2017-04-26
EXXON MOBIL CORPORATION,252a6bb2-da00-4580-b5c9-272f3d4f52fa,EXXON MOBIL CORP,2018,3140000.00,s2519-115,Senate,s,2519,115,2018-03-08
EXXON MOBIL CORPORATION,d5b84bf1-f96a-4899-a81e-f14c164f1a7d,EXXON MOBIL CORP,2018,2190000.00,s3019-115,Senate,s,3019,115,2018-06-06
EXXON MOBIL CORPORATION,98c658d2-70d9-4f11-9f4c-401e0670ca8a,EXXON MOBIL CORP,2018,2730000.00,s1691-115,Senate,s,1691,115,2017-08-01
SHELL OIL COMPANY,09fb1cba-fd2f-4442-bb58-a7d150007059,"SHELL USA, INC. (FKA SHELL OIL COMPANY)",2018,1600000.00,s3223-115,Senate,s,3223,115,2018-07-17
EXXON MOBIL CORPORATION,98c658d2-70d9-4f11-9f4c-401e0670ca8a,EXXON MOBIL CORP,2018,2730000.00,s3042-115,Senate,s,3042,115,2018-06-11
BP AMERICA,1a9f7197-a355-4e99-8dc7-f59d6c120d8a,"BP AMERICA, INC",2018,1260000.00,s3214-115,Senate,s,3214,115,2018-07-16
EXXON MOBIL CORPORATION,d5b84bf1-f96a-4899-a81e-f14c164f1a7d,EXXON MOBIL CORP,2018,2190000.00,s3214-115,Senate,s,3214,115,2018-07-16
PHILLIPS 66,f3fe5c00-a326-4679-ad53-e7bc2b25a3b4,PHILLIPS 66,2020,1380000.00,hr2540-116,House of Representatives,hr,2540,116,2019-05-07
PHILLIPS 66,f3fe5c00-a326-4679-ad53-e7bc2b25a3b4,PHILLIPS 66,2020,1380000.00,hr370-116,House of Representatives,hr,370,116,2019-01-09
SHELL OIL COMPANY,09d57c52-f426-4dcf-8eac-865baa523829,"SHELL USA, INC. (FKA SHELL OIL COMPANY)",2019,1960000.00,hr1152-116,House of Representatives,hr,1152,116,2019-02-12
CONOCOPHILLIPS,38b1d7dc-7804-4088-b986-ad57226c475c,CONOCOPHILLIPS,2020,2180000.00,hr748-116,House of Representatives,hr,748,116,2019-01-24
EXXON MOBIL CORPORATION,86cb5d91-625d-4bc2-b4e8-dc5153da202c,EXXON MOBIL CORP,2020,2670000.00,hr748-116,House of Representatives,hr,748,116,2019-01-24
SHELL OIL COMPANY,9ed3039c-2478-4f61-ae73-2e43a1dc071e,"SHELL USA, INC. (FKA SHELL OIL COMPANY)",2020,1870000.00,hr748-116,House of Representatives,hr,748,116,2019-01-24
PHILLIPS 66,9f99b9ac-77bb-4ec8-81f6-d0879cfe7021,PHILLIPS 66,2021,1010000.00,hr748-116,House of Representatives,hr,748,116,2019-01-24
EXXON MOBIL CORPORATION,1bbe18fa-5c03-4560-8277-29bf625f4a49,EXXON MOBIL CORP,2020,2140000.00,hr7228-116,House of Representatives,hr,7228,116,2020-06-15
EXXON MOBIL CORPORATION,54b4c63f-3313-433e-b046-7615ebb240be,EXXON MOBIL CORP,2019,2710000.00,hr948-116,House of Representatives,hr,948,116,2019-02-04
BP AMERICA,c80958b8-cfb7-4c7c-abbd-d3ff0c022daf,"BP AMERICA, INC",2019,1470000.00,hr948-116,House of Representatives,hr,948,116,2019-02-04
EXXON MOBIL CORPORATION,1bbe18fa-5c03-4560-8277-29bf625f4a49,EXXON MOBIL CORP,2020,2140000.00,hr8337-116,House of Representatives,hr,8337,116,2020-09-22
CONOCOPHILLIPS,38b1d7dc-7804-4088-b986-ad57226c475c,CONOCOPHILLIPS,2020,2180000.00,hr6074-116,House of Representatives,hr,6074,116,2020-03-04
PHILLIPS 66,f3fe5c00-a326-4679-ad53-e7bc2b25a3b4,PHILLIPS 66,2020,1380000.00,hr6160-116,House of Representatives,hr,6160,116,2020-03-09
EXXON MOBIL CORPORATION,692d32b8-02b6-46de-9c45-2d021b0adaa6,EXXON MOBIL CORP,2019,2650000.00,s2284-116,Senate,s,2284,116,2019-07-25
EXXON MOBIL CORPORATION,1bbe18fa-5c03-4560-8277-29bf625f4a49,EXXON MOBIL CORP,2020,2140000.00,s2657-116,Senate,s,2657,116,2019-10-22
CONOCOPHILLIPS,38b1d7dc-7804-4088-b986-ad57226c475c,CONOCOPHILLIPS,2020,2180000.00,s2657-116,Senate,s,2657,116,2019-10-22
SHELL OIL COMPANY,eb0cda2d-46ef-4c45-bafb-c0ce12dd87e0,"SHELL USA, INC. (FKA SHELL OIL COMPANY)",2020,1960000.00,s2657-116,Senate,s,2657,116,2019-10-22
SHELL OIL COMPANY,09d57c52-f426-4dcf-8eac-865baa523829,"SHELL USA, INC. (FKA SHELL OIL COMPANY)",2019,1960000.00,s638-116,Senate,s,638,116,2019-02-28
EXXON MOBIL CORPORATION,54b4c63f-3313-433e-b046-7615ebb240be,EXXON MOBIL CORP,2019,2710000.00,s638-116,Senate,s,638,116,2019-02-28
EXXON MOBIL CORPORATION,692d32b8-02b6-46de-9c45-2d021b0adaa6,EXXON MOBIL CORP,2019,2650000.00,s2372-116,Senate,s,2372,116,2019-07-31
EXXON MOBIL CORPORATION,692d32b8-02b6-46de-9c45-2d021b0adaa6,EXXON MOBIL CORP,2019,2650000.00,s2418-116,Senate,s,2418,116,2019-08-01
BP AMERICA,26a0abdb-ddbc-4ef8-9374-e9a5c6137ab2,"BP AMERICA, INC",2019,1180000.00,s1685-116,Senate,s,1685,116,2019-05-23
EXXON MOBIL CORPORATION,692d32b8-02b6-46de-9c45-2d021b0adaa6,EXXON MOBIL CORP,2019,2650000.00,s1685-116,Senate,s,1685,116,2019-05-23
EXXON MOBIL CORPORATION,692d32b8-02b6-46de-9c45-2d021b0adaa6,EXXON MOBIL CORP,2019,2650000.00,s1840-116,Senate,s,1840,116,2019-06-13
EXXON MOBIL CORPORATION,1bbe18fa-5c03-4560-8277-29bf625f4a49,EXXON MOBIL CORP,2020,2140000.00,s3816-116,Senate,s,3816,116,2020-05-21
EXXON MOBIL CORPORATION,1bbe18fa-5c03-4560-8277-29bf625f4a49,EXXON MOBIL CORP,2020,2140000.00,s482-116,Senate,s,482,116,2019-02-13
BP AMERICA,26a0abdb-ddbc-4ef8-9374-e9a5c6137ab2,"BP AMERICA, INC",2019,1180000.00,s482-116,Senate,s,482,116,2019-02-13
CONOCOPHILLIPS,38b1d7dc-7804-4088-b986-ad57226c475c,CONOCOPHILLIPS,2020,2180000.00,s482-116,Senate,s,482,116,2019-02-13
EXXON MOBIL CORPORATION,1bbe18fa-5c03-4560-8277-29bf625f4a49,EXXON MOBIL CORP,2020,2140000.00,s4681-116,Senate,s,4681,116,2020-09-24
EXXON MOBIL CORPORATION,692d32b8-02b6-46de-9c45-2d021b0adaa6,EXXON MOBIL CORP,2019,2650000.00,s1830-116,Senate,s,1830,116,2019-06-13
EXXON MOBIL CORPORATION,692d32b8-02b6-46de-9c45-2d021b0adaa6,EXXON MOBIL CORP,2019,2650000.00,s1102-116,Senate,s,1102,116,2019-04-10
EXXON MOBIL CORPORATION,1bbe18fa-5c03-4560-8277-29bf625f4a49,EXXON MOBIL CORP,2020,2140000.00,s2297-116,Senate,s,2297,116,2019-07-25
BP AMERICA,3f7efd8c-80bb-46e7-9529-7aacad7bc297,"BP AMERICA, INC",2020,1040000.00,s2297-116,Senate,s,2297,116,2019-07-25
SHELL OIL COMPANY,772ac01b-3530-486b-a179-a3c905a7cd6e,"SHELL USA, INC. (FKA SHELL OIL COMPANY)",2020,1690000.00,s2297-116,Senate,s,2297,116,2019-07-25
SHELL OIL COMPANY,59e7ff9c-e48d-406c-9309-bdcf5e3308ef,"SHELL USA, INC. (FKA SHELL OIL COMPANY)",2021,1740000.00,hr3684-117,House of Representatives,hr,3684,117,2021-06-04
EXXON MOBIL CORPORATION,7b7e8572-0960-40cc-953b-9aa7e18464c7,EXXON MOBIL CORP,2021,2390000.00,hr3684-117,House of Representatives,hr,3684,117,2021-06-04
BP AMERICA,bd7fce35-0c02-4b9f-8409-91fb3548cc17,"BP AMERICA, INC",2021,1350000.00,hr3684-117,House of Representatives,hr,3684,117,2021-06-04
BP AMERICA,dedf1c1d-f7d8-47f2-a53f-13aae8564249,"BP AMERICA, INC",2021,1230000.00,hr848-117,House of Representatives,hr,848,117,2021-02-04
BP AMERICA,dedf1c1d-f7d8-47f2-a53f-13aae8564249,"BP AMERICA, INC",2021,1230000.00,hr1492-117,House of Representatives,hr,1492,117,2021-03-02
SHELL OIL COMPANY,59e7ff9c-e48d-406c-9309-bdcf5e3308ef,"SHELL USA, INC. (FKA SHELL OIL COMPANY)",2021,1740000.00,hr4372-117,House of Representatives,hr,4372,117,2021-07-06
EXXON MOBIL CORPORATION,58620e13-6d1d-4ee4-b2af-3b41e0ffa003,EXXON MOBIL CORP,2021,1170000.00,hr1062-117,House of Representatives,hr,1062,117,2021-02-15
SHELL OIL COMPANY,59e7ff9c-e48d-406c-9309-bdcf5e3308ef,"SHELL USA, INC. (FKA SHELL OIL COMPANY)",2021,1740000.00,hr1062-117,House of Representatives,hr,1062,117,2021-02-15
EXXON MOBIL CORPORATION,58620e13-6d1d-4ee4-b2af-3b41e0ffa003,EXXON MOBIL CORP,2021,1170000.00,hr2570-117,House of Representatives,hr,2570,117,2021-04-15
SHELL OIL COMPANY,4de71549-01bf-4169-b2ed-2aa238682744,"SHELL USA, INC. (FKA SHELL OIL COMPANY)",2021,1530000.00,hr4350-117,House of Representatives,hr,4350,117,2021-07-02
EXXON MOBIL CORPORATION,0ea6d0b9-138e-43fa-9ed4-5d1c2c859b56,EXXON MOBIL CORP,2021,1660000.00,s2230-117,Senate,s,2230,117,2021-06-24
BP AMERICA,dedf1c1d-f7d8-47f2-a53f-13aae8564249,"BP AMERICA, INC",2021,1230000.00,s799-117,Senate,s,799,117,2021-03-17
EXXON MOBIL CORPORATION,0ea6d0b9-138e-43fa-9ed4-5d1c2c859b56,EXXON MOBIL CORP,2021,1660000.00,s985-117,Senate,s,985,117,2021-03-25
BP AMERICA,dedf1c1d-f7d8-47f2-a53f-13aae8564249,"BP AMERICA, INC",2021,1230000.00,s985-117,Senate,s,985,117,2021-03-25
BP AMERICA,dedf1c1d-f7d8-47f2-a53f-13aae8564249,"BP AMERICA, INC",2021,1230000.00,s1791-117,Senate,s,1791,117,2021-05-24
SHELL OIL COMPANY,e634630c-3c17-4aeb-bf8b-e4c06a819362,"SHELL USA, INC. (FKA SHELL OIL COMPANY)",2017,1740000.00,s3068-114,Senate,s,3068,114,2016-06-16
BP AMERICA,757ea130-1f36-470e-9a1e-c2824029005f,"BP AMERICA, INC",2018,1630000.00,hr3127-115,House of Representatives,hr,3127,115,2017-06-29
PHILLIPS 66,dd3bd094-8f19-403c-954a-1b47776cd3ed,PHILLIPS 66,2019,1010000.00,hr5175-115,House of Representatives,hr,5175,115,2018-03-06
SHELL OIL COMPANY,09fb1cba-fd2f-4442-bb58-a7d150007059,"SHELL USA, INC. (FKA SHELL OIL COMPANY)",2018,1600000.00,hr1315-115,House of Representatives,hr,1315,115,2017-03-02
SHELL OIL COMPANY,09fb1cba-fd2f-4442-bb58-a7d150007059,"SHELL USA, INC. (FKA SHELL OIL COMPANY)",2018,1600000.00,hr2746-115,House of Representatives,hr,2746,115,2017-05-25
BP AMERICA,c80958b8-cfb7-4c7c-abbd-d3ff0c022daf,"BP AMERICA, INC",2019,1470000.00,hr1813-115,House of Representatives,hr,1813,115,2017-03-30
SHELL OIL COMPANY,09fb1cba-fd2f-4442-bb58-a7d150007059,"SHELL USA, INC. (FKA SHELL OIL COMPANY)",2018,1600000.00,hr1311-115,House of Representatives,hr,1311,115,2017-03-02
SHELL OIL COMPANY,d4b3d909-2c00-46ae-bd7c-42c74df2a39a,"SHELL USA, INC. (FKA SHELL OIL COMPANY)",2017,2340000.00,hr674-115,House of Representatives,hr,674,115,2017-01-24
EXXON MOBIL CORPORATION,252a6bb2-da00-4580-b5c9-272f3d4f52fa,EXXON MOBIL CORP,2018,3140000.00,hr2712-115,House of Representatives,hr,2712,115,2017-05-25
EXXON MOBIL CORPORATION,252a6bb2-da00-4580-b5c9-272f3d4f52fa,EXXON MOBIL CORP,2018,3140000.00,s1844-115,Senate,s,1844,115,2017-09-19
EXXON MOBIL CORPORATION,98c658d2-70d9-4f11-9f4c-401e0670ca8a,EXXON MOBIL CORP,2018,2730000.00,s2976-115,Senate,s,2976,115,2018-05-24
BP AMERICA,cbf13c44-6c5b-4771-abd7-e09c94e73651,"BP AMERICA, INC",2017,1720000.00,s1276-115,Senate,s,1276,115,2017-05-25
SHELL OIL COMPANY,e634630c-3c17-4aeb-bf8b-e4c06a819362,"SHELL USA, INC. (FKA SHELL OIL COMPANY)",2017,1740000.00,s1276-115,Senate,s,1276,115,2017-05-25
EXXON MOBIL CORPORATION,d5b84bf1-f96a-4899-a81e-f14c164f1a7d,EXXON MOBIL CORP,2018,2190000.00,s3382-115,Senate,s,3382,115,2018-08-23
SHELL OIL COMPANY,d4b3d909-2c00-46ae-bd7c-42c74df2a39a,"SHELL USA, INC. (FKA SHELL OIL COMPANY)",2017,2340000.00,s2012-115,Senate,s,2012,115,2017-10-25
EXXON MOBIL CORPORATION,7a817d6d-4d5c-4393-93d8-1ef230ca0688,EXXON MOBIL CORP,2017,2630000.00,s3459-115,Senate,s,3459,115,2018-09-18
CONOCOPHILLIPS,270670b4-f7e7-4d05-bf6b-955f81f1753a,CONOCOPHILLIPS,2018,1150000.00,s1216-115,Senate,s,1216,115,2017-05-24
SHELL OIL COMPANY,b54e63d1-a361-4ad6-a162-0eaa475fdd44,"SHELL USA, INC. (FKA SHELL OIL COMPANY)",2018,2000000.00,s2292-115,Senate,s,2292,115,2018-01-10
EXXON MOBIL CORPORATION,68b1ca6b-eea5-4030-afb0-3c0294f5bae9,EXXON MOBIL CORP,2017,2630000.00,s21-115,Senate,s,21,115,2017-01-04
SHELL OIL COMPANY,d4b3d909-2c00-46ae-bd7c-42c74df2a39a,"SHELL USA, INC. (FKA SHELL OIL COMPANY)",2017,2340000.00,s21-115,Senate,s,21,115,2017-01-04
EXXON MOBIL CORPORATION,d5b84bf1-f96a-4899-a81e-f14c164f1a7d,EXXON MOBIL CORP,2018,2190000.00,s1717-115,Senate,s,1717,115,2017-08-02
BP AMERICA,1a9f7197-a355-4e99-8dc7-f59d6c120d8a,"BP AMERICA, INC",2018,1260000.00,s2313-115,Senate,s,2313,115,2018-01-16
EXXON MOBIL CORPORATION,252a6bb2-da00-4580-b5c9-272f3d4f52fa,EXXON MOBIL CORP,2018,3140000.00,s2313-115,Senate,s,2313,115,2018-01-16
EXXON MOBIL CORPORATION,68b1ca6b-eea5-4030-afb0-3c0294f5bae9,EXXON MOBIL CORP,2017,2630000.00,s534-115,Senate,s,534,115,2017-03-06
EXXON MOBIL CORPORATION,ef18e72d-faa5-43d3-a470-d3f73f11bc7b,EXXON MOBIL CORP,2018,3090000.00,s140-115,Senate,s,140,115,2017-01-12
EXXON MOBIL CORPORATION,252a6bb2-da00-4580-b5c9-272f3d4f52fa,EXXON MOBIL CORP,2018,3140000.00,s1535-115,Senate,s,1535,115,2017-07-12
EXXON MOBIL CORPORATION,692d32b8-02b6-46de-9c45-2d021b0adaa6,EXXON MOBIL CORP,2019,2650000.00,hr3256-116,House of Representatives,hr,3256,116,2019-06-13
PHILLIPS 66,f3fe5c00-a326-4679-ad53-e7bc2b25a3b4,PHILLIPS 66,2020,1380000.00,hr3256-116,House of Representatives,hr,3256,116,2019-06-13
EXXON MOBIL CORPORATION,1bbe18fa-5c03-4560-8277-29bf625f4a49,EXXON MOBIL CORP,2020,2140000.00,hr5115-116,House of Representatives,hr,5115,116,2019-11-15
EXXON MOBIL CORPORATION,1bbe18fa-5c03-4560-8277-29bf625f4a49,EXXON MOBIL CORP,2020,2140000.00,hr6395-116,House of Representatives,hr,6395,116,2020-03-26
SHELL OIL COMPANY,772ac01b-3530-486b-a179-a3c905a7cd6e,"SHELL USA, INC. (FKA SHELL OIL COMPANY)",2020,1690000.00,hr6395-116,House of Representatives,hr,6395,116,2020-03-26
PHILLIPS 66,dd3bd094-8f19-403c-954a-1b47776cd3ed,PHILLIPS 66,2019,1010000.00,hr940-116,House of Representatives,hr,940,116,2019-01-31
EXXON MOBIL CORPORATION,692d32b8-02b6-46de-9c45-2d021b0adaa6,EXXON MOBIL CORP,2019,2650000.00,hr2500-116,House of Representatives,hr,2500,116,2019-05-02
BP AMERICA,b51b5105-6753-4025-b22a-4643f2b94226,"BP AMERICA, INC",2019,1230000.00,hr2500-116,House of Representatives,hr,2500,116,2019-05-02
SHELL OIL COMPANY,d73e0c30-353b-4905-9c50-66d005425bba,"SHELL USA, INC. (FKA SHELL OIL COMPANY)",2019,2160000.00,hr2500-116,House of Representatives,hr,2500,116,2019-05-02
BP AMERICA,26a0abdb-ddbc-4ef8-9374-e9a5c6137ab2,"BP AMERICA, INC",2019,1180000.00,hr3432-116,House of Representatives,hr,3432,116,2019-06-24
SHELL OIL COMPANY,772ac01b-3530-486b-a179-a3c905a7cd6e,"SHELL USA, INC. (FKA SHELL OIL COMPANY)",2020,1690000.00,hr3432-116,House of Representatives,hr,3432,116,2019-06-24
PHILLIPS 66,f3fe5c00-a326-4679-ad53-e7bc2b25a3b4,PHILLIPS 66,2020,1380000.00,hr3432-116,House of Representatives,hr,3432,116,2019-06-24
EXXON MOBIL CORPORATION,86cb5d91-625d-4bc2-b4e8-dc5153da202c,EXXON MOBIL CORP,2020,2670000.00,s3548-116,Senate,s,3548,116,2020-03-19
EXXON MOBIL CORPORATION,692d32b8-02b6-46de-9c45-2d021b0adaa6,EXXON MOBIL CORP,2019,2650000.00,s2137-116,Senate,s,2137,116,2019-07-17
EXXON MOBIL CORPORATION,692d32b8-02b6-46de-9c45-2d021b0adaa6,EXXON MOBIL CORP,2019,2650000.00,s1085-116,Senate,s,1085,116,2019-04-09
EXXON MOBIL CORPORATION,692d32b8-02b6-46de-9c45-2d021b0adaa6,EXXON MOBIL CORP,2019,2650000.00,s2082-116,Senate,s,2082,116,2019-07-10
EXXON MOBIL CORPORATION,1bbe18fa-5c03-4560-8277-29bf625f4a49,EXXON MOBIL CORP,2020,2140000.00,s1982-116,Senate,s,1982,116,2019-06-26
EXXON MOBIL CORPORATION,58620e13-6d1d-4ee4-b2af-3b41e0ffa003,EXXON MOBIL CORP,2021,1170000.00,hr2307-117,House of Representatives,hr,2307,117,2021-04-01
SHELL OIL COMPANY,59e7ff9c-e48d-406c-9309-bdcf5e3308ef,"SHELL USA, INC. (FKA SHELL OIL COMPANY)",2021,1740000.00,hr2307-117,House of Representatives,hr,2307,117,2021-04-01
BP AMERICA,dedf1c1d-f7d8-47f2-a53f-13aae8564249,"BP AMERICA, INC",2021,1230000.00,hr2307-117,House of Representatives,hr,2307,117,2021-04-01
EXXON MOBIL CORPORATION,0ea6d0b9-138e-43fa-9ed4-5d1c2c859b56,EXXON MOBIL CORP,2021,1660000.00,hr4153-117,House of Representatives,hr,4153,117,2021-06-24
BP AMERICA,dedf1c1d-f7d8-47f2-a53f-13aae8564249,"BP AMERICA, INC",2021,1230000.00,hr4153-117,House of Representatives,hr,4153,117,2021-06-24
CONOCOPHILLIPS,d2002b91-8b4f-4114-b33b-19a5a73dc6f3,CONOCOPHILLIPS,2021,1359800.00,hr218-117,House of Representatives,hr,218,117,2021-01-06
EXXON MOBIL CORPORATION,0ea6d0b9-138e-43fa-9ed4-5d1c2c859b56,EXXON MOBIL CORP,2021,1660000.00,hr5376-117,House of Representatives,hr,5376,117,2021-09-27
SHELL OIL COMPANY,4de71549-01bf-4169-b2ed-2aa238682744,"SHELL USA, INC. (FKA SHELL OIL COMPANY)",2021,1530000.00,hr5376-117,House of Representatives,hr,5376,117,2021-09-27
BP AMERICA,572f2b02-684d-4ac3-b578-e8f8ba35e679,"BP AMERICA, INC",2021,1170000.00,hr5376-117,House of Representatives,hr,5376,117,2021-09-27
CONOCOPHILLIPS,bbbc10ee-c6aa-49a7-a9fc-c76acdcd38d9,CONOCOPHILLIPS,2021,1690000.00,hr5376-117,House of Representatives,hr,5376,117,2021-09-27
SHELL OIL COMPANY,59e7ff9c-e48d-406c-9309-bdcf5e3308ef,"SHELL USA, INC. (FKA SHELL OIL COMPANY)",2021,1740000.00,s2085-117,Senate,s,2085,117,2021-06-16
BP AMERICA,dedf1c1d-f7d8-47f2-a53f-13aae8564249,"BP AMERICA, INC",2021,1230000.00,s2085-117,Senate,s,2085,117,2021-06-16
EXXON MOBIL CORPORATION,0ea6d0b9-138e-43fa-9ed4-5d1c2c859b56,EXXON MOBIL CORP,2021,1660000.00,s685-117,Senate,s,685,117,2021-03-10
SHELL OIL COMPANY,59e7ff9c-e48d-406c-9309-bdcf5e3308ef,"SHELL USA, INC. (FKA SHELL OIL COMPANY)",2021,1740000.00,s685-117,Senate,s,685,117,2021-03-10
BP AMERICA,dedf1c1d-f7d8-47f2-a53f-13aae8564249,"BP AMERICA, INC",2021,1230000.00,s975-117,Senate,s,975,117,2021-03-25
EXXON MOBIL CORPORATION,98c658d2-70d9-4f11-9f4c-401e0670ca8a,EXXON MOBIL CORP,2018,2730000.00,hr5468-115,House of Representatives,hr,5468,115,2018-04-11
SHELL OIL COMPANY,09fb1cba-fd2f-4442-bb58-a7d150007059,"SHELL USA, INC. (FKA SHELL OIL COMPANY)",2018,1600000.00,hr5729-115,House of Representatives,hr,5729,115,2018-05-09
EXXON MOBIL CORPORATION,98c658d2-70d9-4f11-9f4c-401e0670ca8a,EXXON MOBIL CORP,2018,2730000.00,hr5729-115,House of Representatives,hr,5729,115,2018-05-09
SHELL OIL COMPANY,d4b3d909-2c00-46ae-bd7c-42c74df2a39a,"SHELL USA, INC. (FKA SHELL OIL COMPANY)",2017,2340000.00,hr26-115,House of Representatives,hr,26,115,2017-01-03
EXXON MOBIL CORPORATION,ef18e72d-faa5-43d3-a470-d3f73f11bc7b,EXXON MOBIL CORP,2018,3090000.00,hr4857-115,House of Representatives,hr,4857,115,2018-01-19
BP AMERICA,1a9f7197-a355-4e99-8dc7-f59d6c120d8a,"BP AMERICA, INC",2018,1260000.00,hr5841-115,House of Representatives,hr,5841,115,2018-05-16
EXXON MOBIL CORPORATION,98c658d2-70d9-4f11-9f4c-401e0670ca8a,EXXON MOBIL CORP,2018,2730000.00,hr5841-115,House of Representatives,hr,5841,115,2018-05-16
EXXON MOBIL CORPORATION,d5b84bf1-f96a-4899-a81e-f14c164f1a7d,EXXON MOBIL CORP,2018,2190000.00,hr6157-115,House of Representatives,hr,6157,115,2018-06-20
EXXON MOBIL CORPORATION,252a6bb2-da00-4580-b5c9-272f3d4f52fa,EXXON MOBIL CORP,2018,3140000.00,hr695-115,House of Representatives,hr,695,115,2017-01-24
SHELL OIL COMPANY,d4b3d909-2c00-46ae-bd7c-42c74df2a39a,"SHELL USA, INC. (FKA SHELL OIL COMPANY)",2017,2340000.00,hr5-115,House of Representatives,hr,5,115,2017-01-03
BP AMERICA,757ea130-1f36-470e-9a1e-c2824029005f,"BP AMERICA, INC",2018,1630000.00,hr3128-115,House of Representatives,hr,3128,115,2017-06-29
BP AMERICA,16dd6ab8-796d-4847-b15a-144b8eb428ac,"BP AMERICA, INC",2017,1260000.00,s168-115,Senate,s,168,115,2017-01-17
SHELL OIL COMPANY,461fbdfd-2f58-4916-a44e-f1417a3c0f7a,"SHELL USA, INC. (FKA SHELL OIL COMPANY)",2017,1670000.00,s168-115,Senate,s,168,115,2017-01-17
PHILLIPS 66,5e1f9b79-d813-4334-b59b-5bca41d8e0e2,PHILLIPS 66,2017,1440000.00,s168-115,Senate,s,168,115,2017-01-17
EXXON MOBIL CORPORATION,7a817d6d-4d5c-4393-93d8-1ef230ca0688,EXXON MOBIL CORP,2017,2630000.00,s34-115,Senate,s,34,115,2017-01-05
SHELL OIL COMPANY,d4b3d909-2c00-46ae-bd7c-42c74df2a39a,"SHELL USA, INC. (FKA SHELL OIL COMPANY)",2017,2340000.00,s34-115,Senate,s,34,115,2017-01-05
EXXON MOBIL CORPORATION,252a6bb2-da00-4580-b5c9-272f3d4f52fa,EXXON MOBIL CORP,2018,3140000.00,s843-115,Senate,s,843,115,2017-04-05
EXXON MOBIL CORPORATION,d5b84bf1-f96a-4899-a81e-f14c164f1a7d,EXXON MOBIL CORP,2018,2190000.00,s3405-115,Senate,s,3405,115,2018-09-04
SHELL OIL COMPANY,e634630c-3c17-4aeb-bf8b-e4c06a819362,"SHELL USA, INC. (FKA SHELL OIL COMPANY)",2017,1740000.00,s1278-115,Senate,s,1278,115,2017-05-25
EXXON MOBIL CORPORATION,252a6bb2-da00-4580-b5c9-272f3d4f52fa,EXXON MOBIL CORP,2018,3140000.00,s2155-115,Senate,s,2155,115,2017-11-16
EXXON MOBIL CORPORATION,98c658d2-70d9-4f11-9f4c-401e0670ca8a,EXXON MOBIL CORP,2018,2730000.00,s3073-115,Senate,s,3073,115,2018-06-14
SHELL OIL COMPANY,09fb1cba-fd2f-4442-bb58-a7d150007059,"SHELL USA, INC. (FKA SHELL OIL COMPANY)",2018,1600000.00,s2482-115,Senate,s,2482,115,2018-03-01
EXXON MOBIL CORPORATION,98c658d2-70d9-4f11-9f4c-401e0670ca8a,EXXON MOBIL CORP,2018,2730000.00,s756-115,Senate,s,756,115,2017-03-29
EXXON MOBIL CORPORATION,68b1ca6b-eea5-4030-afb0-3c0294f5bae9,EXXON MOBIL CORP,2017,2630000.00,s1415-115,Senate,s,1415,115,2017-06-22
EXXON MOBIL CORPORATION,68b1ca6b-eea5-4030-afb0-3c0294f5bae9,EXXON MOBIL CORP,2017,2630000.00,s453-115,Senate,s,453,115,2017-02-27
EXXON MOBIL CORPORATION,d5b84bf1-f96a-4899-a81e-f14c164f1a7d,EXXON MOBIL CORP,2018,2190000.00,s3381-115,Senate,s,3381,115,2018-08-23
EXXON MOBIL CORPORATION,ef18e72d-faa5-43d3-a470-d3f73f11bc7b,EXXON MOBIL CORP,2018,3090000.00,s3559-115,Senate,s,3559,115,2018-10-06
PHILLIPS 66,dd3bd094-8f19-403c-954a-1b47776cd3ed,PHILLIPS 66,2019,1010000.00,hr1008-116,House of Representatives,hr,1008,116,2019-02-06
EXXON MOBIL CORPORATION,54b4c63f-3313-433e-b046-7615ebb240be,EXXON MOBIL CORP,2019,2710000.00,hr251-116,House of Representatives,hr,251,116,2019-01-04
PHILLIPS 66,dd3bd094-8f19-403c-954a-1b47776cd3ed,PHILLIPS 66,2019,1010000.00,hr251-116,House of Representatives,hr,251,116,2019-01-04
EXXON MOBIL CORPORATION,692d32b8-02b6-46de-9c45-2d021b0adaa6,EXXON MOBIL CORP,2019,2650000.00,hr2157-116,House of Representatives,hr,2157,116,2019-04-09
PHILLIPS 66,f3fe5c00-a326-4679-ad53-e7bc2b25a3b4,PHILLIPS 66,2020,1380000.00,hr4385-116,House of Representatives,hr,4385,116,2019-09-18
PHILLIPS 66,dd3bd094-8f19-403c-954a-1b47776cd3ed,PHILLIPS 66,2019,1010000.00,hr1027-116,House of Representatives,hr,1027,116,2019-02-06
PHILLIPS 66,f3fe5c00-a326-4679-ad53-e7bc2b25a3b4,PHILLIPS 66,2020,1380000.00,s3416-116,Senate,s,3416,116,2020-03-05
PHILLIPS 66,dd3bd094-8f19-403c-954a-1b47776cd3ed,PHILLIPS 66,2019,1010000.00,s343-116,Senate,s,343,116,2019-02-06
EXXON MOBIL CORPORATION,692d32b8-02b6-46de-9c45-2d021b0adaa6,EXXON MOBIL CORP,2019,2650000.00,s1507-116,Senate,s,1507,116,2019-05-16
EXXON MOBIL CORPORATION,1bbe18fa-5c03-4560-8277-29bf625f4a49,EXXON MOBIL CORP,2020,2140000.00,s4402-116,Senate,s,4402,116,2020-08-03
EXXON MOBIL CORPORATION,1bbe18fa-5c03-4560-8277-29bf625f4a49,EXXON MOBIL CORP,2020,2140000.00,s4589-116,Senate,s,4589,116,2020-09-16
EXXON MOBIL CORPORATION,692d32b8-02b6-46de-9c45-2d021b0adaa6,EXXON MOBIL CORP,2019,2650000.00,s1201-116,Senate,s,1201,116,2019-04-11
EXXON MOBIL CORPORATION,54b4c63f-3313-433e-b046-7615ebb240be,EXXON MOBIL CORP,2019,2710000.00,s300-116,Senate,s,300,116,2019-01-31
PHILLIPS 66,dd3bd094-8f19-403c-954a-1b47776cd3ed,PHILLIPS 66,2019,1010000.00,s300-116,Senate,s,300,116,2019-01-31
EXXON MOBIL CORPORATION,692d32b8-02b6-46de-9c45-2d021b0adaa6,EXXON MOBIL CORP,2019,2650000.00,s2447-116,Senate,s,2447,116,2019-09-09
EXXON MOBIL CORPORATION,1bbe18fa-5c03-4560-8277-29bf625f4a49,EXXON MOBIL CORP,2020,2140000.00,s4317-116,Senate,s,4317,116,2020-07-27
SHELL OIL COMPANY,4cce61fe-033a-4466-8e75-3284100d846b,"SHELL USA, INC. (FKA SHELL OIL COMPANY)",2021,1950000.00,hr1848-117,House of Representatives,hr,1848,117,2021-03-11
BP AMERICA,dedf1c1d-f7d8-47f2-a53f-13aae8564249,"BP AMERICA, INC",2021,1230000.00,hr1992-117,House of Representatives,hr,1992,117,2021-03-17
EXXON MOBIL CORPORATION,0ea6d0b9-138e-43fa-9ed4-5d1c2c859b56,EXXON MOBIL CORP,2021,1660000.00,s622-117,Senate,s,622,117,2021-03-09
EXXON MOBIL CORPORATION,0ea6d0b9-138e-43fa-9ed4-5d1c2c859b56,EXXON MOBIL CORP,2021,1660000.00,s1298-117,Senate,s,1298,117,2021-04-22
